[
    {
        "Price": "392",
        "Koferi": "0",
        "Torbe": "0",
        "Klasa leta": "Economy",
        "Link sa detaljima": "https://www.kayak.ie/book/flight?code=ZeHCPqHUWl.47F3EeHCWiIEdn9PX-8xhQ.42348.d5cb559070a13dac07c9dd049522f221&h=82052ec03ad9&sub=F-1419953939157345726E0472954fd42&payment=0.00:EUR:VA_D:Visa%20Debit:true&pageOrigin=F..RP.FE.M0"
    },
    {
        "Price": "393",
        "Koferi": "0",
        "Torbe": "0",
        "Klasa leta": "Economy",
        "Link sa detaljima": "https://www.kayak.ie/book/flight?code=ZeHCPqHUWl.47F3EeHCWiIEdn9PX-8xhQ.42456.1dafb2f6c82c20fb572040e2a2d00cfa&h=003211bf9765&sub=F-1419953940734017685E0274e2c2626&payment=0.00:EUR:VA_D:Visa%20Debit:true&pageOrigin=F..RP.FE.M1"
    },
    {
        "Price": "402",
        "Koferi": "0",
        "Torbe": "0",
        "Klasa leta": "Economy",
        "Link sa detaljima": "https://www.kayak.ie/book/flight?code=ZeHCPqHUWl.47F3EeHCWiIEdn9PX-8xhQ.43429.8ae46c86835aa9b5e289be3b9bcdab27&h=73547cd923f6&sub=F-7256284175994614902E098c4a1e9a0&payment=0.00:EUR:VA_D:Visa%20Debit:true&pageOrigin=F..RP.FE.M2"
    },
    {
        "Price": "403",
        "Koferi": "0",
        "Torbe": "0",
        "Klasa leta": "Economy",
        "Link sa detaljima": "https://www.kayak.ie/book/flight?code=ZeHCPqHUWl.47F3EeHCWiIEdn9PX-8xhQ.43537.35ad7dfd68e9bf046b0e5e211353e0af&h=58e6862a531f&sub=F-1419953939574701713E0839fd8aa20&payment=0.00:EUR:VA_D:Visa%20Debit:true&pageOrigin=F..RP.FE.M3"
    },
    {
        "Price": "408",
        "Koferi": "0",
        "Torbe": "0",
        "Klasa leta": "Economy",
        "Link sa detaljima": "javascript:void(0)&pageOrigin=F..RP.FE.M5"
    },
    {
        "Price": "414",
        "Koferi": "0",
        "Torbe": "0",
        "Klasa leta": "Economy",
        "Link sa detaljima": "javascript:void(0)&pageOrigin=F..RP.FE.M6"
    },
    {
        "Price": "415",
        "Koferi": "0",
        "Torbe": "0",
        "Klasa leta": "Economy",
        "Link sa detaljima": "javascript:void(0)&pageOrigin=F..RP.FE.M7"
    },
    {
        "Price": "428",
        "Koferi": "0",
        "Torbe": "0",
        "Klasa leta": "Economy",
        "Link sa detaljima": "https://www.kayak.ie/book/flight?code=ZeHCPqHUWl.47F3EeHCWiIEdn9PX-8xhQ.46237.417258d0cd45e3451a6f773eea86d712&h=d5a08bcfe0ec&sub=F-1419953937865221764E0918942ec61&payment=0.00:EUR:VA_D:Visa%20Debit:true&pageOrigin=F..RP.FE.M8"
    },
    {
        "Price": "428",
        "Koferi": "0",
        "Torbe": "0",
        "Klasa leta": "Economy",
        "Link sa detaljima": "https://www.kayak.ie/book/flight?code=ZeHCPqHUWl.47F3EeHCWiIEdn9PX-8xhQ.46237.4dc4657ab2dffcc9d8c5bf7cf2948d48&h=91a9d01b47b6&sub=F-1419953939528525795E0918942ec61&payment=0.00:EUR:VA_D:Visa%20Debit:true&pageOrigin=F..RP.FE.M9"
    },
    {
        "Price": "430",
        "Koferi": "0",
        "Torbe": "0",
        "Klasa leta": "Economy",
        "Link sa detaljima": "https://www.kayak.ie/book/flight?code=ZeHCPqHUWl.eNCwACMVOeJpd4CyPwn0EI6M4XD8KcmF.46452.1268c293acb591b403524664da9fe285&h=f96699921457&sub=F-4752307920798746059E0645fff2504&payment=0.00:EUR:VA_D:Visa%20Debit:true&pageOrigin=F..RP.FE.M10"
    },
    {
        "Price": "438",
        "Koferi": "0",
        "Torbe": "0",
        "Klasa leta": "Economy",
        "Link sa detaljima": "javascript:void(0)&pageOrigin=F..RP.FE.M11"
    },
    {
        "Price": "439",
        "Koferi": "1",
        "Torbe": "0",
        "Klasa leta": "Economy",
        "Link sa detaljima": "https://www.kayak.ie/book/flight?code=ZeHCPqHUWl.Fs5fII-p3hc0ejdxgNj3abaYAeeTFjgE.47425.6fac607519edf15d5f45f381d7fd02ca&h=0d82a593ee9f&sub=F3169516039305276113E06fcbb90c5b&payment=0.00:EUR:VA_D:Visa%20Debit:true&pageOrigin=F..RP.FE.M12"
    },
    {
        "Price": "454",
        "Koferi": "0",
        "Torbe": "0",
        "Klasa leta": "Economy",
        "Link sa detaljima": "https://www.kayak.ie/book/flight?code=ZeHCPqHUWl.47F3EeHCWiIEdn9PX-8xhQ.49046.40b2454d9576db9d6c3e2baab183f8bf&h=86c5d2db9350&sub=F-7256284176430207486E0edffa48f77&payment=0.00:EUR:VA_D:Visa%20Debit:true&pageOrigin=F..RP.FE.M13"
    },
    {
        "Price": "456",
        "Koferi": "0",
        "Torbe": "0",
        "Klasa leta": "Economy",
        "Link sa detaljima": "https://www.kayak.ie/book/flight?code=ZeHCPqHUWl.47F3EeHCWiIEdn9PX-8xhQ.49262.9fed279971747656c65d514cd7f879ba&h=0403be10d625&sub=F-1419953938719286446E05c8ce441f7&payment=0.00:EUR:VA_D:Visa%20Debit:true&pageOrigin=F..RP.FE.M14"
    },
    {
        "Price": "456",
        "Koferi": "0",
        "Torbe": "0",
        "Klasa leta": "Economy",
        "Link sa detaljima": "https://www.kayak.ie/book/flight?code=ZeHCPqHUWl.47F3EeHCWiIEdn9PX-8xhQ.49262.f32fc2b9810dd9b2a9822a19755b5493&h=550a6d2abb58&sub=F-7256284175316320894E0877a030c91&payment=0.00:EUR:VA_D:Visa%20Debit:true&pageOrigin=F..RP.FE.M15"
    }
]